model,train_mape,test_mape,test_mae,test_rmse,test_r2,cv_score
ols,24.361532946959432,25.528893920516836,168122.9640015155,720002.3844931732,0.09023611887549599,0.40379777510098364
ridge,23.361278250554903,24.746228138278124,163526.10156360164,717270.7165683071,0.09712625849257805,0.39102348808293697
lasso,27.098791874408207,27.655354733170114,186327.60330285,729346.3608059955,0.0664696068672338,0.4184072936285951
elasticnet,22.11611215209766,23.15968537805447,160762.2426172281,717665.9494442309,0.09613097542227411,0.3735876834071246
xgboost,15.45207095358597,18.767907977043542,125880.42728998065,687322.0586526536,0.17094873609066896,0.31629811315041784
