model,train_mape,test_mape,test_mae,test_rmse,test_r2,cv_score
ols,18.601237525379126,22.073238016792065,110939.7778939026,250144.81589406167,0.6062231838227348,0.17388263171562782
ridge,18.6028103852302,22.064067846040402,110818.12879740477,249661.5512642481,0.6077432199995594,0.17381607873480734
lasso,25.86376964382417,27.461597479224658,146466.39674522015,513133.196114912,-0.6570184815350435,0.23776302036665847
elasticnet,19.98900087464468,23.01408460980059,125715.16230770624,551612.5629388585,-0.9148529442651705,0.18312826166796586
xgboost,8.69694094878809,18.126551746644857,99134.65654327365,236534.13928892248,0.6479091058391852,0.15321360014552024
