model,train_mape,test_mape,test_mae,test_rmse,test_r2,cv_score
ols,24.56068273940441,25.070451312431107,191526.36044355077,962291.7654631137,-0.08673284730678077,0.41655789455218084
ridge,23.684477726976272,23.853504510048147,182739.06736174342,946403.2523789745,-0.05114276019056363,0.39963933173406413
lasso,27.56702712941243,25.730773370604727,201514.03185838333,947947.8817323891,-0.05457671061677272,0.4174953634702092
elasticnet,22.87788840199652,23.40663565968847,187441.710043565,977649.1155657127,-0.12169627762727364,0.38209745815041585
xgboost,15.926414846355803,24.139320357927822,178169.38476181793,921768.9575552297,0.0028662598563983233,0.4429235285737499
